{
  "MAE": 0.005430040018444218,
  "MSE": 3.616336953031517e-05,
  "RMSE": 0.0060135987171006985,
  "MAPE": 11.541570247405213
}