{
  "MAE": 0.0021013442655530737,
  "MSE": 9.849373097742876e-06,
  "RMSE": 0.003138371089871763,
  "MAPE": 4.638034238475297,
  "R²": 0.8377054545686962
}