{
  "MAE": 0.003368755507531681,
  "MSE": 1.9145666935065856e-05,
  "RMSE": 0.004375576183209002,
  "MAPE": 7.553213335734818
}