{
  "MAE": 0.0033687555075316788,
  "MSE": 1.9145666935065846e-05,
  "RMSE": 0.004375576183209001,
  "MAPE": 7.553213335734814,
  "R²": 0.8377054545686962
}