{
  "MAE": 0.0033687555075316796,
  "MSE": 1.914566693506586e-05,
  "RMSE": 0.004375576183209003,
  "MAPE": 7.553213335734817,
  "R²": 0.8044605801958568
}