{
  "MAE": 0.0013143864549751956,
  "MSE": 6.116883356961401e-06,
  "RMSE": 0.0024732333810138906,
  "MAPE": 3.1536155282581966,
  "R²": 0.8992081227888647
}