{
  "MAE": 0.0013489976590993795,
  "MSE": 6.117012491366597e-06,
  "RMSE": 0.0024732594872690973,
  "MAPE": 3.2232779675306276,
  "R²": 0.899205994957034
}