{
  "MAE": 0.0033687555075316788,
  "MSE": 1.9145666935065836e-05,
  "RMSE": 0.004375576183208999,
  "MAPE": 7.553213335734813,
  "R²": 0.6845243568935651
}