{
  "MAE": 0.0033687555075316796,
  "MSE": 1.9145666935065856e-05,
  "RMSE": 0.004375576183209002,
  "MAPE": 7.553213335734817,
  "R²": 0.6845243568935646
}