{
  "MAE": 0.003400394656065919,
  "MSE": 1.597322210299824e-05,
  "RMSE": 0.003996651361202055,
  "MAPE": 6.949838809076574,
  "R²": 0.7367987998268203
}