{
  "MAE": 0.003400394656065916,
  "MSE": 1.597322210299822e-05,
  "RMSE": 0.003996651361202052,
  "MAPE": 6.949838809076568,
  "R²": 0.7367987998268206
}