{
  "MAE": 0.003400394656065918,
  "MSE": 1.5973222102998232e-05,
  "RMSE": 0.003996651361202054,
  "MAPE": 6.949838809076572,
  "R²": 0.7367987998268204
}