{
  "MAE": 0.0034003946560659166,
  "MSE": 1.5973222102998226e-05,
  "RMSE": 0.003996651361202053,
  "MAPE": 6.94983880907657,
  "R²": 0.7367987998268204
}