{
  "MAE": 0.0034003946560659166,
  "MSE": 1.597322210299822e-05,
  "RMSE": 0.003996651361202052,
  "MAPE": 6.94983880907657,
  "R²": 0.7367987998268206
}