{
  "MAE": 0.001344827405947006,
  "MSE": 6.380339647036804e-06,
  "RMSE": 0.0025259334209429994,
  "MAPE": 3.1992809812836263,
  "R²": 0.8948669816406425
}