{
  "MAE": 0.0013050634093882318,
  "MSE": 6.2214758082624735e-06,
  "RMSE": 0.0024942886377206774,
  "MAPE": 3.1239990879919923,
  "R²": 0.8974846847414886
}