{
  "MAE": 0.002954111672212717,
  "MSE": 1.2587675021957847e-05,
  "RMSE": 0.0035479113604989974,
  "MAPE": 6.299573108151922,
  "R²": 0.7925846675263233
}