{
  "MAE": 0.002957535524437862,
  "MSE": 1.2610155567209237e-05,
  "RMSE": 0.0035510780852030326,
  "MAPE": 6.305994355352591,
  "R²": 0.7922142409178056
}