{
  "MAE": 0.0015667019507502932,
  "MSE": 6.4156954180474825e-06,
  "RMSE": 0.00253292230793751,
  "MAPE": 3.6447297636267475,
  "R²": 0.8942844015385784
}