{
  "MAE": 0.0016392216447375253,
  "MSE": 8.85304690457042e-06,
  "RMSE": 0.002975407014942732,
  "MAPE": 3.93708848961826,
  "R²": 0.8541225711727246
}