{
  "MAE": 0.003368755507531683,
  "MSE": 1.914566693506588e-05,
  "RMSE": 0.004375576183209004,
  "MAPE": 7.553213335734824
}