{
  "MAE": 0.002468695645273073,
  "MSE": 1.5273609340355226e-05,
  "RMSE": 0.003908146535169226,
  "MAPE": 5.72964210172698,
  "R²": 0.7483267756852134
}