{
  "MAE": 0.0025020881233567007,
  "MSE": 1.2634329822868059e-05,
  "RMSE": 0.0035544802465153832,
  "MAPE": 5.555493873051215
}