{
  "MAE": 0.0028052983308302637,
  "MSE": 1.1867033212148762e-05,
  "RMSE": 0.003444856051005435,
  "MAPE": 5.9183644596383544,
  "R²": 0.8044591527124474
}