{
  "MAE": 0.002800121884740122,
  "MSE": 1.1866946580668623e-05,
  "RMSE": 0.003444843476947628,
  "MAPE": 5.911071593384842,
  "R²": 0.8044605801958568
}