{
  "MAE": 0.024985797439288523,
  "MSE": 0.0009715569719213209,
  "RMSE": 0.031169808660325794,
  "MAPE": 47.821590236098736,
  "R²": -15.008977988123839
}