{
  "MAE": 0.012406514375111912,
  "MSE": 0.00024481744642946163,
  "RMSE": 0.01564664329591052,
  "MAPE": 27.478923501118953
}